comando_inicial,frase,direccion,velocidad,estado_silla
Silla,dale de reversa despacio,atras,Lento,prendida
Silla,da vuelta hacia la derecha mas rapido,derecha,Rapido,prendida
Silla,llegale de reversa con mas velocidad,atras,Rapido,prendida
Silla,con mas velocidad en este momento,velocidad,Rapido,prendida
Silla,muevete para la izquierda mas rapido,izquierda,Rapido,prendida
Silla,corta ya ahorita,detener,,prendida
Silla,alto de una,detener,,prendida
Silla,de frente con mas velocidad,adelante,Rapido,prendida
Silla,parate ya al tiro,detener,,prendida
Silla,frena en seco,detener,,prendida
Silla,pa' atras tranqui,atras,Lento,prendida
Silla,tuerce para la izquierda lento,izquierda,Lento,prendida
Silla,hacia la izquierda despacio,izquierda,Lento,prendida
Silla,voltea al lado izquierdo tranqui,izquierda,Lento,prendida
Silla,detente de una,detener,,prendida
Silla,regresate pa' atras,atras,Normal,prendida
Silla,suena el claxon,claxon,,prendida
Silla,de reversa con mas velocidad,atras,Rapido,prendida
Silla,llegale de frente rapido,adelante,Rapido,prendida
Silla,manten velocidad normal ahora,velocidad,Normal,prendida
Silla,ve para la derecha mas rapido,derecha,Rapido,prendida
Silla,al frente rapido,adelante,Rapido,prendida
Silla,continua hacia adelante,adelante,Normal,prendida
Silla,de frente mas rapido,adelante,Rapido,prendida
Silla,muevete hacia la derecha normal,derecha,Normal,prendida
Silla,gira pa' la derecha con calma,derecha,Lento,prendida
Silla,derecho con mas velocidad,adelante,Rapido,prendida
Silla,tuerce para la izquierda,izquierda,Normal,prendida
Silla,voltea a la derecha normal,derecha,Normal,prendida
Silla,rueda hacia adelante rapido,adelante,Rapido,prendida
Silla,voltea para la izquierda con cuidado,izquierda,Lento,prendida
Silla,tuerce al lado derecho apurate,derecha,Rapido,prendida
Silla,gira hacia la izquierda suavecito,izquierda,Lento,prendida
Silla,llegale para enfrente,adelante,Normal,prendida
Silla,gira a la izquierda rapido,izquierda,Rapido,prendida
Silla,llegale en reversa,atras,Normal,prendida
Silla,voltea pa' la izquierda lento,izquierda,Lento,prendida
Silla,da vuelta para la derecha lento,derecha,Lento,prendida
Silla,frena,detener,,prendida
Silla,quieta en friega,detener,,prendida
Silla,ve derecho despacio,adelante,Lento,prendida
Silla,ve al lado derecho,derecha,Normal,prendida
Silla,dobla hacia la derecha mete velocidad,derecha,Rapido,prendida
Silla,cortale en friega,detener,,prendida
Silla,dobla hacia la derecha con mas velocidad,derecha,Rapido,prendida
Silla,hazte para atras apurate,atras,Rapido,prendida
Silla,continua al frente apurate,adelante,Rapido,prendida
Silla,sigue pa' atras normal,atras,Normal,prendida
Silla,rueda en reversa mete velocidad,atras,Rapido,prendida
Silla,da vuelta para la derecha,derecha,Normal,prendida
Silla,pa' la izquierda con cuidado,izquierda,Lento,prendida
Silla,normal,velocidad,Normal,prendida
Silla,stop ya,detener,,prendida
Silla,parale en corto,detener,,prendida
Silla,sigue en reversa rapido,atras,Rapido,prendida
Silla,detencion en caliente,detener,,prendida
Silla,continua al frente despacito,adelante,Lento,prendida
Silla,hazte para atras mas rapido,atras,Rapido,prendida
Silla,gira hacia la izquierda mas rapido,izquierda,Rapido,prendida
Silla,ve a la derecha con mas velocidad,derecha,Rapido,prendida
Silla,haz alto en este momento,detener,,prendida
Silla,ve pa' la izquierda normal,izquierda,Normal,prendida
Silla,activate en corto,prender,,prendida
Silla,no tan rapido de inmediato,velocidad,Lento,prendida
Silla,retrocede,atras,Normal,prendida
Silla,aumenta la velocidad en friega,velocidad,Rapido,prendida
Silla,cortale en caliente,detener,,prendida
Silla,tuerce para la derecha tranqui,derecha,Lento,prendida
Silla,dale en reversa,atras,Normal,prendida
Silla,rueda rueda hacia adelante,adelante,Normal,prendida
Silla,desactivate ahorita,apagar,,apagada
Silla,dobla pa' la derecha a velocidad normal,derecha,Normal,prendida
Silla,pa' atras despacito,atras,Lento,prendida
Silla,gira pa' la izquierda apurate,izquierda,Rapido,prendida
Silla,dale de frente con cuidado,adelante,Lento,prendida
Silla,desacelera en este momento,velocidad,Lento,prendida
Silla,dobla a la derecha con cuidado,derecha,Lento,prendida
Silla,para adelante a velocidad normal,adelante,Normal,prendida
Silla,mete mas velocidad en este momento,velocidad,Rapido,prendida
Silla,ve pa' la derecha,derecha,Normal,prendida
Silla,dobla a la derecha despacito,derecha,Lento,prendida
Silla,tuerce pa' la izquierda,izquierda,Normal,prendida
Silla,hacia adelante,adelante,Normal,prendida
Silla,gira a la derecha despacito,derecha,Lento,prendida
Silla,avanza suavecito,adelante,Lento,prendida
Silla,hacia adelante apurate,adelante,Rapido,prendida
Silla,regresate en reversa lento,atras,Lento,prendida
Silla,arrancate al frente,adelante,Normal,prendida
Silla,voltea a la izquierda normal,izquierda,Normal,prendida
Silla,despacito,velocidad,Lento,prendida
Silla,corta,detener,,prendida
Silla,rueda hacia atras mas rapido,atras,Rapido,prendida
Silla,al lado izquierdo despacio,izquierda,Lento,prendida
Silla,da vuelta a la izquierda lento,izquierda,Lento,prendida
Silla,continua para atras,atras,Normal,prendida
Silla,apagate de una,apagar,,apagada
Silla,sigue derecho normal,adelante,Normal,prendida
Silla,pa' la derecha con calma,derecha,Lento,prendida
Silla,rueda de reversa,atras,Normal,prendida
Silla,da vuelta hacia la derecha,derecha,Normal,prendida
Silla,a la izquierda despacio,izquierda,Lento,prendida
Silla,regresate en reversa a velocidad normal,atras,Normal,prendida
Silla,dale de frente normal,adelante,Normal,prendida
Silla,regresate hacia atras rapido,atras,Rapido,prendida
Silla,sigue de frente,adelante,Normal,prendida
Silla,voltea a la izquierda rapido,izquierda,Rapido,prendida
Silla,a la izquierda con calma,izquierda,Lento,prendida
Silla,desconectate en friega,apagar,,apagada
Silla,arrancate para enfrente suavecito,adelante,Lento,prendida
Silla,muevete hacia la izquierda lento,izquierda,Lento,prendida
Silla,al lado derecho mete velocidad,derecha,Rapido,prendida
Silla,regresate pa' atras apurate,atras,Rapido,prendida
Silla,da vuelta para la izquierda,izquierda,Normal,prendida
Silla,haz alto ahorita,detener,,prendida
Silla,rueda de frente,adelante,Normal,prendida
Silla,muevete pa' la izquierda rapido,izquierda,Rapido,prendida
Silla,de reversa mas rapido,atras,Rapido,prendida
Silla,tuerce al lado izquierdo lento,izquierda,Lento,prendida
Silla,adelantate despacio,adelante,Lento,prendida
Silla,a la derecha rapido,derecha,Rapido,prendida
Silla,detente de golpe,detener,,prendida
Silla,voltea a la derecha rapido,derecha,Rapido,prendida
Silla,cierra en friega,apagar,,apagada
Silla,derecho mete velocidad,adelante,Rapido,prendida
Silla,rueda hacia adelante,adelante,Normal,prendida
Silla,regresate en reversa con cuidado,atras,Lento,prendida
Silla,arrancate para enfrente a velocidad normal,adelante,Normal,prendida
Silla,pa' la derecha a velocidad normal,derecha,Normal,prendida
Silla,para la izquierda con calma,izquierda,Lento,prendida
Silla,continua hacia adelante con mas velocidad,adelante,Rapido,prendida
Silla,rueda hacia atras,atras,Normal,prendida
Silla,dobla al lado derecho suavecito,derecha,Lento,prendida
Silla,en reversa rapido,atras,Rapido,prendida
Silla,con calma en corto,velocidad,Lento,prendida
Silla,muevete para la derecha mas rapido,derecha,Rapido,prendida
Silla,ve pa' la izquierda con calma,izquierda,Lento,prendida
Silla,ve en reversa tranqui,atras,Lento,prendida
Silla,pita ahora,claxon,,prendida
Silla,camina hacia enfrente despacito,adelante,Lento,prendida
Silla,dobla para la derecha despacio,derecha,Lento,prendida
Silla,voltea para la izquierda con calma,izquierda,Lento,prendida
Silla,voltea para la izquierda normal,izquierda,Normal,prendida
Silla,para todo ya,detener,,prendida
Silla,echale para enfrente rapido,adelante,Rapido,prendida
Silla,voltea pa' la derecha a velocidad normal,derecha,Normal,prendida
Silla,claxon ahorita,claxon,,prendida
Silla,muevete de frente lento,adelante,Lento,prendida
Silla,tuerce al lado derecho suavecito,derecha,Lento,prendida
Silla,subele la velocidad,velocidad,Rapido,prendida
Silla,tuerce pa' la izquierda apurate,izquierda,Rapido,prendida
Silla,acelera en friega,velocidad,Rapido,prendida
Silla,llegale para atras con cuidado,atras,Lento,prendida
Silla,para atras apurate,atras,Rapido,prendida
Silla,continua para enfrente mas rapido,adelante,Rapido,prendida
Silla,muevete para la izquierda normal,izquierda,Normal,prendida
Silla,pa' la derecha despacito,derecha,Lento,prendida
Silla,a la derecha despacito,derecha,Lento,prendida
Silla,gira al lado izquierdo mete velocidad,izquierda,Rapido,prendida
Silla,continua al frente lento,adelante,Lento,prendida
Silla,gira pa' la derecha con mas velocidad,derecha,Rapido,prendida
Silla,echale para enfrente,adelante,Normal,prendida
Silla,continua para enfrente tranqui,adelante,Lento,prendida
Silla,rueda hacia adelante tranqui,adelante,Lento,prendida
Silla,con mas velocidad de inmediato,velocidad,Rapido,prendida
Silla,arranca ya,prender,,prendida
Silla,parate ya de inmediato,detener,,prendida
Silla,ve hacia adelante con calma,adelante,Lento,prendida
Silla,desacelera de una,velocidad,Lento,prendida
Silla,pa' la izquierda despacio,izquierda,Lento,prendida
Silla,al lado izquierdo apurate,izquierda,Rapido,prendida
Silla,tuerce a la derecha a velocidad normal,derecha,Normal,prendida
Silla,tuerce para la derecha rapido,derecha,Rapido,prendida
Silla,claxon en este momento,claxon,,prendida
Silla,echale para enfrente despacito,adelante,Lento,prendida
Silla,regresate de reversa,atras,Normal,prendida
Silla,dobla pa' la izquierda despacio,izquierda,Lento,prendida
Silla,muevete hacia adelante con mas velocidad,adelante,Rapido,prendida
Silla,ve hacia adelante suavecito,adelante,Lento,prendida
Silla,en reversa,atras,Normal,prendida
Silla,stop de una,detener,,prendida
Silla,detencion de inmediato,detener,,prendida
Silla,a velocidad normal en este momento,velocidad,Normal,prendida
Silla,rueda en reversa lento,atras,Lento,prendida
Silla,da vuelta al lado izquierdo rapido,izquierda,Rapido,prendida
Silla,echale derecho con cuidado,adelante,Lento,prendida
Silla,voltea a la derecha,derecha,Normal,prendida
Silla,continua hacia atras lento,atras,Lento,prendida
Silla,voltea hacia la izquierda con calma,izquierda,Lento,prendida
Silla,rueda para adelante,adelante,Normal,prendida
Silla,dobla al lado derecho a velocidad normal,derecha,Normal,prendida
Silla,voltea a la derecha apurate,derecha,Rapido,prendida
Silla,rueda al frente con cuidado,adelante,Lento,prendida
Silla,para enfrente mas rapido,adelante,Rapido,prendida
Silla,muevete para la izquierda lento,izquierda,Lento,prendida
Silla,aumenta la velocidad de una,velocidad,Rapido,prendida
Silla,tuerce hacia la derecha mete velocidad,derecha,Rapido,prendida
Silla,retrocede mas rapido,atras,Rapido,prendida
Silla,dobla a la derecha lento,derecha,Lento,prendida
Silla,gira hacia la izquierda despacio,izquierda,Lento,prendida
Silla,retrocede normal,atras,Normal,prendida
Silla,ve para la izquierda tranqui,izquierda,Lento,prendida
Silla,rueda para adelante suavecito,adelante,Lento,prendida
Silla,rueda para adelante con calma,adelante,Lento,prendida
Silla,sigue pa' atras,atras,Normal,prendida
Silla,sigue para enfrente,adelante,Normal,prendida
Silla,ponte en reversa despacio,atras,Lento,prendida
Silla,dale hacia atras despacito,atras,Lento,prendida
Silla,al lado izquierdo tranqui,izquierda,Lento,prendida
Silla,ve al lado derecho con calma,derecha,Lento,prendida
Silla,camina hacia enfrente rapido,adelante,Rapido,prendida
Silla,voltea a la izquierda suavecito,izquierda,Lento,prendida
Silla,muevete al frente despacio,adelante,Lento,prendida
Silla,muevete de reversa apurate,atras,Rapido,prendida
Silla,dobla a la derecha tranqui,derecha,Lento,prendida
Silla,muevete para la derecha,derecha,Normal,prendida
Silla,subele la velocidad en corto,velocidad,Rapido,prendida
Silla,gira hacia la derecha tranqui,derecha,Lento,prendida
Silla,ve hacia adelante mete velocidad,adelante,Rapido,prendida
Silla,gira hacia la derecha rapido,derecha,Rapido,prendida
Silla,llegale hacia atras tranqui,atras,Lento,prendida
Silla,a la derecha suavecito,derecha,Lento,prendida
Silla,llegale de reversa rapido,atras,Rapido,prendida
Silla,apaga,apagar,,apagada
Silla,hacia adelante con calma,adelante,Lento,prendida
Silla,arrancate para adelante mas rapido,adelante,Rapido,prendida
Silla,voltea para la derecha mas rapido,derecha,Rapido,prendida
Silla,tuerce al lado izquierdo suavecito,izquierda,Lento,prendida
Silla,gira hacia la izquierda,izquierda,Normal,prendida
Silla,quedate quieta de inmediato,detener,,prendida
Silla,al lado derecho con cuidado,derecha,Lento,prendida
Silla,sigue al frente despacito,adelante,Lento,prendida
Silla,da vuelta para la izquierda con mas velocidad,izquierda,Rapido,prendida
Silla,hacia la izquierda con cuidado,izquierda,Lento,prendida
Silla,pa' la izquierda suavecito,izquierda,Lento,prendida
Silla,da vuelta al lado izquierdo con calma,izquierda,Lento,prendida
Silla,reduce la velocidad,velocidad,Lento,prendida
Silla,dobla a la izquierda lento,izquierda,Lento,prendida
Silla,ponte en reversa ponte en reversa,atras,Normal,prendida
Silla,para adelante normal,adelante,Normal,prendida
Silla,haz alto de inmediato,detener,,prendida
Silla,gira al lado derecho suavecito,derecha,Lento,prendida
Silla,dale para adelante con calma,adelante,Lento,prendida
Silla,gira al lado izquierdo despacito,izquierda,Lento,prendida
Silla,al frente,adelante,Normal,prendida
Silla,quedate de una,detener,,prendida
Silla,a la derecha con mas velocidad,derecha,Rapido,prendida
Silla,sigue hacia adelante,adelante,Normal,prendida
Silla,dale para enfrente,adelante,Normal,prendida
Silla,regresate mas rapido,atras,Rapido,prendida
Silla,da vuelta a la derecha apurate,derecha,Rapido,prendida
Silla,de frente con calma,adelante,Lento,prendida
Silla,a la derecha lento,derecha,Lento,prendida
Silla,mas rapido en este momento,velocidad,Rapido,prendida
Silla,ve de reversa,atras,Normal,prendida
Silla,derecho mas rapido,adelante,Rapido,prendida
Silla,para atras,atras,Normal,prendida
Silla,prende,prender,,prendida
Silla,dobla para la derecha lento,derecha,Lento,prendida
Silla,hacia la derecha tranqui,derecha,Lento,prendida
Silla,gira pa' la izquierda despacio,izquierda,Lento,prendida
Silla,muevete hacia la derecha,derecha,Normal,prendida
Silla,da vuelta hacia la derecha rapido,derecha,Rapido,prendida
Silla,gira hacia la derecha normal,derecha,Normal,prendida
Silla,voltea a la izquierda lento,izquierda,Lento,prendida
Silla,sigue derecho apurate,adelante,Rapido,prendida
Silla,tuerce a la izquierda,izquierda,Normal,prendida
Silla,para en friega,detener,,prendida
Silla,al frente a velocidad normal,adelante,Normal,prendida
Silla,dobla a la izquierda a velocidad normal,izquierda,Normal,prendida
Silla,en reversa con calma,atras,Lento,prendida
Silla,gira a la derecha con mas velocidad,derecha,Rapido,prendida
Silla,dobla hacia la izquierda mas rapido,izquierda,Rapido,prendida
Silla,arrancate hacia adelante lento,adelante,Lento,prendida
Silla,dale derecho con mas velocidad,adelante,Rapido,prendida
Silla,ponte en reversa tranqui,atras,Lento,prendida
Silla,da vuelta pa' la derecha apurate,derecha,Rapido,prendida
Silla,pa' atras con mas velocidad,atras,Rapido,prendida
Silla,voltea para la derecha con mas velocidad,derecha,Rapido,prendida
Silla,dale pa' atras despacito,atras,Lento,prendida
Silla,a la derecha con cuidado,derecha,Lento,prendida
Silla,avanza despacio,adelante,Lento,prendida
Silla,continua de reversa mas rapido,atras,Rapido,prendida
Silla,para todo,detener,,prendida
Silla,bajale la velocidad ya,velocidad,Lento,prendida
Silla,al lado derecho a velocidad normal,derecha,Normal,prendida
Silla,avanza tranqui,adelante,Lento,prendida
Silla,echale pa' atras,atras,Normal,prendida
Silla,derecho despacio,adelante,Lento,prendida
Silla,gira al lado izquierdo con mas velocidad,izquierda,Rapido,prendida
Silla,muevete en reversa tranqui,atras,Lento,prendida
Silla,alto en caliente,detener,,prendida
Silla,alto en corto,detener,,prendida
Silla,en reversa lento,atras,Lento,prendida
Silla,arrancate hacia atras con cuidado,atras,Lento,prendida
Silla,da vuelta hacia la izquierda despacio,izquierda,Lento,prendida
Silla,continua de frente normal,adelante,Normal,prendida
Silla,para la derecha con mas velocidad,derecha,Rapido,prendida
Silla,ve para la izquierda mete velocidad,izquierda,Rapido,prendida
Silla,parale de una,detener,,prendida
Silla,prende de una,prender,,prendida
Silla,rueda para enfrente apurate,adelante,Rapido,prendida
Silla,para la izquierda mete velocidad,izquierda,Rapido,prendida
Silla,voltea hacia la izquierda despacito,izquierda,Lento,prendida
Silla,rueda al frente,adelante,Normal,prendida
Silla,da vuelta pa' la izquierda tranqui,izquierda,Lento,prendida
Silla,da vuelta a la derecha con cuidado,derecha,Lento,prendida
Silla,voltea hacia la izquierda apurate,izquierda,Rapido,prendida
Silla,sigue para atras mete velocidad,atras,Rapido,prendida
Silla,ve para enfrente apurate,adelante,Rapido,prendida
Silla,desacelera en corto,velocidad,Lento,prendida
Silla,da vuelta a la derecha suavecito,derecha,Lento,prendida
Silla,ve al lado derecho con mas velocidad,derecha,Rapido,prendida
Silla,ve en reversa lento,atras,Lento,prendida
Silla,quedate ya,detener,,prendida
Silla,rueda hacia atras rapido,atras,Rapido,prendida
Silla,da vuelta a la derecha,derecha,Normal,prendida
Silla,echale para adelante apurate,adelante,Rapido,prendida
Silla,para ahorita,detener,,prendida
Silla,voltea para la izquierda,izquierda,Normal,prendida
Silla,mete mas velocidad,velocidad,Rapido,prendida
Silla,sigue al frente mas rapido,adelante,Rapido,prendida
Silla,continua pa' atras con mas velocidad,atras,Rapido,prendida
Silla,hacia la izquierda,izquierda,Normal,prendida
Silla,tuerce al lado derecho mas rapido,derecha,Rapido,prendida
Silla,llegale al frente mas rapido,adelante,Rapido,prendida
Silla,modo normal ahorita,velocidad,Normal,prendida
Silla,para enfrente tranqui,adelante,Lento,prendida
Silla,para enfrente lento,adelante,Lento,prendida
Silla,de reversa lento,atras,Lento,prendida
Silla,hacia la izquierda normal,izquierda,Normal,prendida
Silla,subele la velocidad ahorita,velocidad,Rapido,prendida
Silla,arrancate derecho suavecito,adelante,Lento,prendida
Silla,muevete pa' la izquierda con mas velocidad,izquierda,Rapido,prendida
Silla,reduce la velocidad de una,velocidad,Lento,prendida
Silla,prende en este momento,prender,,prendida
Silla,derecho normal,adelante,Normal,prendida
Silla,dobla hacia la derecha rapido,derecha,Rapido,prendida
Silla,con calma ahorita,velocidad,Lento,prendida
Silla,desacelera de inmediato,velocidad,Lento,prendida
Silla,voltea pa' la derecha suavecito,derecha,Lento,prendida
Silla,hacia adelante suavecito,adelante,Lento,prendida
Silla,echale para atras mas rapido,atras,Rapido,prendida
Silla,ve hacia la derecha suavecito,derecha,Lento,prendida
Silla,hazte para atras suavecito,atras,Lento,prendida
Silla,retrocede suavecito,atras,Lento,prendida
Silla,hacia la derecha mas rapido,derecha,Rapido,prendida
Silla,regresate para atras mete velocidad,atras,Rapido,prendida
Silla,gira para la izquierda,izquierda,Normal,prendida
Silla,hacia la derecha rapido,derecha,Rapido,prendida
Silla,rueda derecho despacio,adelante,Lento,prendida
Silla,muevete hacia atras,atras,Normal,prendida
Silla,muevete hacia la derecha apurate,derecha,Rapido,prendida
Silla,apagate ahorita,apagar,,apagada
Silla,muevete a la izquierda con calma,izquierda,Lento,prendida
Silla,da vuelta a la izquierda rapido,izquierda,Rapido,prendida
Silla,avanza normal,adelante,Normal,prendida
Silla,retrocede apurate,atras,Rapido,prendida
Silla,para de golpe,detener,,prendida
Silla,da vuelta al lado derecho,derecha,Normal,prendida
Silla,muevete al lado derecho despacito,derecha,Lento,prendida
Silla,ve al lado izquierdo despacio,izquierda,Lento,prendida
Silla,pa' la izquierda apurate,izquierda,Rapido,prendida
Silla,camina hacia enfrente,adelante,Normal,prendida
Silla,muevete a la izquierda,izquierda,Normal,prendida
Silla,dobla para la izquierda mas rapido,izquierda,Rapido,prendida
Silla,no tan rapido de una,velocidad,Lento,prendida
Silla,tuerce pa' la derecha normal,derecha,Normal,prendida
Silla,muevete hacia la derecha lento,derecha,Lento,prendida
Silla,continua para adelante mas rapido,adelante,Rapido,prendida
Silla,en reversa normal,atras,Normal,prendida
Silla,dobla hacia la derecha a velocidad normal,derecha,Normal,prendida
Silla,pita ya,claxon,,prendida
Silla,dale derecho mete velocidad,adelante,Rapido,prendida
Silla,dale derecho,adelante,Normal,prendida
Silla,para la izquierda despacito,izquierda,Lento,prendida
Silla,sigue de frente apurate,adelante,Rapido,prendida
Silla,tuerce para la izquierda despacio,izquierda,Lento,prendida
Silla,pa' atras rapido,atras,Rapido,prendida
Silla,hacia la derecha,derecha,Normal,prendida
Silla,dale pa' atras mete velocidad,atras,Rapido,prendida
Silla,dobla a la izquierda con calma,izquierda,Lento,prendida
Silla,da vuelta pa' la izquierda apurate,izquierda,Rapido,prendida
Silla,hacia la izquierda a velocidad normal,izquierda,Normal,prendida
Silla,corta en caliente,detener,,prendida
Silla,a la derecha a velocidad normal,derecha,Normal,prendida
Silla,regresate de reversa a velocidad normal,atras,Normal,prendida
Silla,al lado derecho,derecha,Normal,prendida
Silla,dobla hacia la izquierda tranqui,izquierda,Lento,prendida
Silla,para la derecha mete velocidad,derecha,Rapido,prendida
Silla,ve para atras,atras,Normal,prendida
Silla,voltea a la izquierda con calma,izquierda,Lento,prendida
Silla,echale derecho a velocidad normal,adelante,Normal,prendida
Silla,sigue para atras apurate,atras,Rapido,prendida
Silla,echale pa' atras mas rapido,atras,Rapido,prendida
Silla,modo normal ahora,velocidad,Normal,prendida
Silla,ve hacia adelante con mas velocidad,adelante,Rapido,prendida
Silla,echale al frente apurate,adelante,Rapido,prendida
Silla,tuerce al lado izquierdo,izquierda,Normal,prendida
Silla,gira pa' la derecha a velocidad normal,derecha,Normal,prendida
Silla,ve para adelante mas rapido,adelante,Rapido,prendida
Silla,a velocidad normal de una,velocidad,Normal,prendida
Silla,para atras despacito,atras,Lento,prendida
Silla,para por completo,detener,,prendida
Silla,de frente tranqui,adelante,Lento,prendida
Silla,muevete de reversa suavecito,atras,Lento,prendida
Silla,voltea pa' la derecha mas rapido,derecha,Rapido,prendida
Silla,claxon ahorita,claxon,,prendida
Silla,dobla a la derecha despacio,derecha,Lento,prendida
Silla,con calma,velocidad,Lento,prendida
Silla,sigue hacia atras lento,atras,Lento,prendida
Silla,arrancate hacia atras con calma,atras,Lento,prendida
Silla,ve de reversa mete velocidad,atras,Rapido,prendida
Silla,dale hacia atras,atras,Normal,prendida
Silla,voltea hacia la izquierda tranqui,izquierda,Lento,prendida
Silla,para la derecha apurate,derecha,Rapido,prendida
Silla,voltea hacia la derecha apurate,derecha,Rapido,prendida
Silla,a la izquierda apurate,izquierda,Rapido,prendida
Silla,dale pa' atras suavecito,atras,Lento,prendida
Silla,claxon de inmediato,claxon,,prendida
Silla,de reversa,atras,Normal,prendida
Silla,hacia la izquierda suavecito,izquierda,Lento,prendida
Silla,muevete para atras,atras,Normal,prendida
Silla,corta ya de una,detener,,prendida
Silla,despacio,velocidad,Lento,prendida
Silla,tuerce hacia la derecha,derecha,Normal,prendida
Silla,tuerce hacia la derecha con cuidado,derecha,Lento,prendida
Silla,para,detener,,prendida
Silla,tuerce al lado izquierdo con cuidado,izquierda,Lento,prendida
Silla,regresate hacia atras despacio,atras,Lento,prendida
Silla,continua para adelante a velocidad normal,adelante,Normal,prendida
Silla,arrancate en reversa,atras,Normal,prendida
Silla,da vuelta al lado derecho despacio,derecha,Lento,prendida
Silla,rueda para adelante a velocidad normal,adelante,Normal,prendida
Silla,da vuelta a la izquierda con cuidado,izquierda,Lento,prendida
Silla,inicia de inmediato,prender,,prendida
Silla,tuerce pa' la derecha,derecha,Normal,prendida
Silla,tuerce al lado derecho despacio,derecha,Lento,prendida
Silla,a velocidad normal,velocidad,Normal,prendida
Silla,muevete para atras despacito,atras,Lento,prendida
Silla,rueda para enfrente mas rapido,adelante,Rapido,prendida
Silla,ve a la derecha apurate,derecha,Rapido,prendida
Silla,dale hacia atras rapido,atras,Rapido,prendida
Silla,llegale en reversa rapido,atras,Rapido,prendida
Silla,rueda hacia adelante a velocidad normal,adelante,Normal,prendida
Silla,echale para atras,atras,Normal,prendida
Silla,retrocede a velocidad normal,atras,Normal,prendida
Silla,dale de reversa mas rapido,atras,Rapido,prendida
Silla,con cuidado,velocidad,Lento,prendida
Silla,dale hacia adelante,adelante,Normal,prendida
Silla,ponte quieta ahora,detener,,prendida
Silla,rueda de frente mas rapido,adelante,Rapido,prendida
Silla,sigue derecho con calma,adelante,Lento,prendida
Silla,da marcha atras tranqui,atras,Lento,prendida
Silla,de frente apurate,adelante,Rapido,prendida
Silla,ve para la izquierda despacito,izquierda,Lento,prendida
Silla,voltea al lado derecho mas rapido,derecha,Rapido,prendida
Silla,llegale hacia adelante lento,adelante,Lento,prendida
Silla,hacia la derecha con calma,derecha,Lento,prendida
Silla,al lado izquierdo lento,izquierda,Lento,prendida
Silla,para atras rapido,atras,Rapido,prendida
Silla,dale de reversa rapido,atras,Rapido,prendida
Silla,para de una,detener,,prendida
Silla,desacelera ahorita,velocidad,Lento,prendida
Silla,pa' atras,atras,Normal,prendida
Silla,muevete pa' la derecha despacito,derecha,Lento,prendida
Silla,claxon ya,claxon,,prendida
Silla,ve hacia atras,atras,Normal,prendida
Silla,muevete en reversa mete velocidad,atras,Rapido,prendida
Silla,corta en friega,detener,,prendida
Silla,ve a la izquierda con cuidado,izquierda,Lento,prendida
Silla,gira a la izquierda despacio,izquierda,Lento,prendida
Silla,para todo en corto,detener,,prendida
Silla,continua derecho normal,adelante,Normal,prendida
Silla,tuerce a la derecha tranqui,derecha,Lento,prendida
Silla,muevete para la izquierda rapido,izquierda,Rapido,prendida
Silla,gira a la derecha mete velocidad,derecha,Rapido,prendida
Silla,dobla a la derecha a velocidad normal,derecha,Normal,prendida
Silla,arrancate para atras apurate,atras,Rapido,prendida
Silla,pa' la derecha suavecito,derecha,Lento,prendida
Silla,sigue de frente con mas velocidad,adelante,Rapido,prendida
Silla,a la derecha con calma,derecha,Lento,prendida
Silla,continua para adelante normal,adelante,Normal,prendida
Silla,llegale pa' atras tranqui,atras,Lento,prendida
Silla,rueda para atras rapido,atras,Rapido,prendida
Silla,llegale hacia adelante apurate,adelante,Rapido,prendida
Silla,reduce la velocidad en corto,velocidad,Lento,prendida
Silla,dobla a la izquierda,izquierda,Normal,prendida
Silla,ponte quieta en caliente,detener,,prendida
Silla,apaga en corto,apagar,,apagada
Silla,voltea al lado derecho despacio,derecha,Lento,prendida
Silla,gira para la derecha despacito,derecha,Lento,prendida
Silla,ve a la izquierda tranqui,izquierda,Lento,prendida
Silla,acelera de inmediato,velocidad,Rapido,prendida
Silla,dale hacia atras apurate,atras,Rapido,prendida
Silla,arrancate para adelante,adelante,Normal,prendida
Silla,ponte en reversa suavecito,atras,Lento,prendida
Silla,arrancate en reversa normal,atras,Normal,prendida
Silla,gira hacia la derecha despacito,derecha,Lento,prendida
Silla,sigue derecho con cuidado,adelante,Lento,prendida
Silla,rueda al frente despacio,adelante,Lento,prendida
Silla,detente por completo,detener,,prendida
Silla,hacia atras a velocidad normal,atras,Normal,prendida
Silla,voltea para la derecha,derecha,Normal,prendida
Silla,cierra ahora,apagar,,apagada
Silla,voltea a la derecha despacio,derecha,Lento,prendida
Silla,voltea a la izquierda a velocidad normal,izquierda,Normal,prendida
Silla,echale de reversa mete velocidad,atras,Rapido,prendida
Silla,arrancate de frente,adelante,Normal,prendida
Silla,sigue al frente rapido,adelante,Rapido,prendida
Silla,quieta ya,detener,,prendida
Silla,llegale hacia adelante,adelante,Normal,prendida
Silla,muevete de frente normal,adelante,Normal,prendida
Silla,rueda pa' atras,atras,Normal,prendida
Silla,da vuelta pa' la derecha lento,derecha,Lento,prendida
Silla,rueda para adelante mete velocidad,adelante,Rapido,prendida
Silla,pa' atras normal,atras,Normal,prendida
Silla,a la derecha,derecha,Normal,prendida
Silla,ve para la derecha,derecha,Normal,prendida
Silla,ve al lado izquierdo con mas velocidad,izquierda,Rapido,prendida
Silla,apaga en friega,apagar,,apagada
Silla,da vuelta al lado derecho normal,derecha,Normal,prendida
Silla,ponte en reversa lento,atras,Lento,prendida
Silla,arrancate para adelante suavecito,adelante,Lento,prendida
Silla,dobla hacia la derecha con cuidado,derecha,Lento,prendida
Silla,con mas velocidad ahorita,velocidad,Rapido,prendida
Silla,echale de reversa mas rapido,atras,Rapido,prendida
Silla,quedate quieta,detener,,prendida
Silla,subele la velocidad ya,velocidad,Rapido,prendida
Silla,sigue de frente con calma,adelante,Lento,prendida
Silla,arrancate para atras rapido,atras,Rapido,prendida
Silla,muevete pa' la derecha a velocidad normal,derecha,Normal,prendida
Silla,ve a la derecha,derecha,Normal,prendida
Silla,rueda al frente suavecito,adelante,Lento,prendida
Silla,hacia atras lento,atras,Lento,prendida
Silla,muevete hacia adelante apurate,adelante,Rapido,prendida
Silla,muevete al frente,adelante,Normal,prendida
Silla,lento,velocidad,Lento,prendida
Silla,voltea a la izquierda despacio,izquierda,Lento,prendida
Silla,da marcha atras normal,atras,Normal,prendida
Silla,dale al frente,adelante,Normal,prendida
Silla,inicia en friega,prender,,prendida
Silla,dobla hacia la izquierda,izquierda,Normal,prendida
Silla,de frente rapido,adelante,Rapido,prendida
Silla,adelantate a velocidad normal,adelante,Normal,prendida
Silla,dobla pa' la izquierda rapido,izquierda,Rapido,prendida
Silla,ponte en reversa con cuidado,atras,Lento,prendida
Silla,regresate despacio,atras,Lento,prendida
Silla,velocidad normal,velocidad,Normal,prendida
Silla,continua para adelante,adelante,Normal,prendida
Silla,toca el claxon ahorita,claxon,,prendida
Silla,echale derecho normal,adelante,Normal,prendida
Silla,arrancate pa' atras,atras,Normal,prendida
Silla,camina hacia enfrente suavecito,adelante,Lento,prendida
Silla,rueda hacia atras despacito,atras,Lento,prendida
Silla,para enfrente normal,adelante,Normal,prendida
Silla,ponte en reversa mete velocidad,atras,Rapido,prendida
Silla,hacia la derecha despacito,derecha,Lento,prendida
Silla,voltea al lado izquierdo,izquierda,Normal,prendida
Silla,para la izquierda despacio,izquierda,Lento,prendida
Silla,pa' la izquierda a velocidad normal,izquierda,Normal,prendida
Silla,claxon,claxon,,prendida
Silla,para la derecha normal,derecha,Normal,prendida
Silla,voltea al lado derecho,derecha,Normal,prendida
Silla,apagate ya,apagar,,apagada
Silla,regresate de reversa despacito,atras,Lento,prendida
Silla,ve hacia la izquierda suavecito,izquierda,Lento,prendida
Silla,da vuelta hacia la derecha con calma,derecha,Lento,prendida
Silla,ve de reversa a velocidad normal,atras,Normal,prendida
Silla,aumenta la velocidad en este momento,velocidad,Rapido,prendida
Silla,aumenta la velocidad ahorita,velocidad,Rapido,prendida
Silla,gira a la izquierda mete velocidad,izquierda,Rapido,prendida
Silla,hazte para atras,atras,Normal,prendida
Silla,ponte en reversa despacito,atras,Lento,prendida
Silla,rueda pa' atras con calma,atras,Lento,prendida
Silla,gira al lado izquierdo mas rapido,izquierda,Rapido,prendida
Silla,mete mas velocidad de inmediato,velocidad,Rapido,prendida
Silla,para la derecha lento,derecha,Lento,prendida
Silla,gira pa' la izquierda rapido,izquierda,Rapido,prendida
Silla,sigue derecho mas rapido,adelante,Rapido,prendida
Silla,rueda hacia adelante suavecito,adelante,Lento,prendida
Silla,continua para adelante apurate,adelante,Rapido,prendida
Silla,sigue derecho mete velocidad,adelante,Rapido,prendida
Silla,muevete hacia la izquierda apurate,izquierda,Rapido,prendida
Silla,camina hacia enfrente con cuidado,adelante,Lento,prendida
Silla,ve derecho normal,adelante,Normal,prendida
Silla,arrancate para atras,atras,Normal,prendida
Silla,acelera,velocidad,Rapido,prendida
Silla,muevete a la izquierda rapido,izquierda,Rapido,prendida
Silla,rueda hacia atras tranqui,atras,Lento,prendida
Silla,ponte en reversa,atras,Normal,prendida
Silla,stop,detener,,prendida
Silla,camina hacia enfrente despacio,adelante,Lento,prendida
Silla,sigue hacia atras a velocidad normal,atras,Normal,prendida
Silla,muevete de frente,adelante,Normal,prendida
Silla,a la izquierda a velocidad normal,izquierda,Normal,prendida
Silla,dobla pa' la derecha normal,derecha,Normal,prendida
Silla,muevete para adelante suavecito,adelante,Lento,prendida
Silla,da vuelta hacia la derecha apurate,derecha,Rapido,prendida
Silla,ve al frente despacio,adelante,Lento,prendida
Silla,al lado izquierdo rapido,izquierda,Rapido,prendida
Silla,arrancate al frente despacito,adelante,Lento,prendida
Silla,hacia atras,atras,Normal,prendida
Silla,voltea al lado izquierdo con cuidado,izquierda,Lento,prendida
Silla,para enfrente apurate,adelante,Rapido,prendida
Silla,muevete hacia la izquierda rapido,izquierda,Rapido,prendida
Silla,parate de una,detener,,prendida
Silla,para la derecha mas rapido,derecha,Rapido,prendida
Silla,echale hacia adelante rapido,adelante,Rapido,prendida
Silla,dobla hacia la izquierda rapido,izquierda,Rapido,prendida
Silla,gira a la izquierda lento,izquierda,Lento,prendida
Silla,retrocede con calma,atras,Lento,prendida
Silla,da vuelta al lado izquierdo con cuidado,izquierda,Lento,prendida
Silla,dobla al lado derecho apurate,derecha,Rapido,prendida
Silla,gira para la izquierda tranqui,izquierda,Lento,prendida
Silla,ve a la izquierda lento,izquierda,Lento,prendida
Silla,para enfrente rapido,adelante,Rapido,prendida
Silla,echale en reversa,atras,Normal,prendida
Silla,al frente despacito,adelante,Lento,prendida
Silla,apurate,velocidad,Rapido,prendida
Silla,dale de reversa,atras,Normal,prendida
Silla,ve pa' la derecha con mas velocidad,derecha,Rapido,prendida
Silla,para la derecha a velocidad normal,derecha,Normal,prendida
Silla,ve al lado izquierdo tranqui,izquierda,Lento,prendida
Silla,camina hacia enfrente mas rapido,adelante,Rapido,prendida
Silla,suena el claxon ahorita,claxon,,prendida
Silla,ve de frente despacito,adelante,Lento,prendida
Silla,gira al lado izquierdo,izquierda,Normal,prendida
Silla,tuerce hacia la izquierda,izquierda,Normal,prendida
Silla,muevete a la izquierda apurate,izquierda,Rapido,prendida
Silla,parate ya en friega,detener,,prendida
Silla,desacelera en friega,velocidad,Lento,prendida
Silla,rueda en reversa,atras,Normal,prendida
Silla,con mas velocidad,velocidad,Rapido,prendida
Silla,al frente suavecito,adelante,Lento,prendida
Silla,sigue derecho a velocidad normal,adelante,Normal,prendida
Silla,pa' atras suavecito,atras,Lento,prendida
Silla,llegale para enfrente suavecito,adelante,Lento,prendida
Silla,mete velocidad,velocidad,Rapido,prendida
Silla,tuerce hacia la izquierda apurate,izquierda,Rapido,prendida
Silla,da vuelta para la izquierda lento,izquierda,Lento,prendida
Silla,cierra en corto,apagar,,apagada
Silla,a la izquierda normal,izquierda,Normal,prendida
Silla,echale de frente,adelante,Normal,prendida
Silla,hazte para atras con mas velocidad,atras,Rapido,prendida
Silla,ve a la izquierda mete velocidad,izquierda,Rapido,prendida
Silla,al frente tranqui,adelante,Lento,prendida
Silla,de reversa rapido,atras,Rapido,prendida
Silla,para la izquierda a velocidad normal,izquierda,Normal,prendida
Silla,detente ahorita,detener,,prendida
Silla,detencion en friega,detener,,prendida
Silla,sigue hacia adelante apurate,adelante,Rapido,prendida
Silla,echale para atras despacito,atras,Lento,prendida
Silla,para al tiro,detener,,prendida
Silla,con calma en friega,velocidad,Lento,prendida
Silla,corta al tiro,detener,,prendida
Silla,a la izquierda mas rapido,izquierda,Rapido,prendida
Silla,echale hacia atras lento,atras,Lento,prendida
Silla,da vuelta al lado derecho con mas velocidad,derecha,Rapido,prendida
Silla,tuerce para la derecha a velocidad normal,derecha,Normal,prendida
Silla,dobla al lado izquierdo con mas velocidad,izquierda,Rapido,prendida
Silla,echale hacia atras,atras,Normal,prendida
Silla,muevete en reversa,atras,Normal,prendida
Silla,dale pa' atras,atras,Normal,prendida
Silla,pa' la izquierda mas rapido,izquierda,Rapido,prendida
Silla,sigue de frente normal,adelante,Normal,prendida
Silla,llegale para atras,atras,Normal,prendida
Silla,rueda hacia atras lento,atras,Lento,prendida
Silla,para atras lento,atras,Lento,prendida
Silla,arrancate de reversa,atras,Normal,prendida
Silla,apagate,apagar,,apagada
Silla,da vuelta para la izquierda con calma,izquierda,Lento,prendida
Silla,regresate apurate,atras,Rapido,prendida
Silla,continua hacia atras,atras,Normal,prendida
Silla,detencion total de una,detener,,prendida
Silla,velocidad normal en friega,velocidad,Normal,prendida
Silla,ponte en reversa apurate,atras,Rapido,prendida
Silla,para la izquierda apurate,izquierda,Rapido,prendida
Silla,arrancate derecho,adelante,Normal,prendida
Silla,dobla pa' la derecha apurate,derecha,Rapido,prendida
Silla,ve despacio ahorita,velocidad,Lento,prendida
Silla,pa' la izquierda rapido,izquierda,Rapido,prendida
Silla,da vuelta a la derecha rapido,derecha,Rapido,prendida
Silla,frena en caliente,detener,,prendida
Silla,derecho a velocidad normal,adelante,Normal,prendida
Silla,dobla hacia la izquierda normal,izquierda,Normal,prendida
Silla,muevete de reversa con cuidado,atras,Lento,prendida
Silla,llegale para adelante normal,adelante,Normal,prendida
Silla,da vuelta para la izquierda apurate,izquierda,Rapido,prendida
Silla,gira a la izquierda,izquierda,Normal,prendida
Silla,para la izquierda con cuidado,izquierda,Lento,prendida
Silla,ve de frente,adelante,Normal,prendida
Silla,claxon de una,claxon,,prendida
Silla,muevete al lado derecho con mas velocidad,derecha,Rapido,prendida
Silla,suena el claxon ya,claxon,,prendida
Silla,dobla pa' la izquierda con calma,izquierda,Lento,prendida
Silla,dobla a la derecha,derecha,Normal,prendida
Silla,frena ahorita,detener,,prendida
Silla,gira a la derecha despacio,derecha,Lento,prendida
Silla,dobla a la izquierda normal,izquierda,Normal,prendida
Silla,continua hacia adelante mete velocidad,adelante,Rapido,prendida
Silla,mas lento ya,velocidad,Lento,prendida
Silla,hacia adelante rapido,adelante,Rapido,prendida
Silla,da marcha atras lento,atras,Lento,prendida
Silla,para enfrente con cuidado,adelante,Lento,prendida
Silla,mas rapido de una,velocidad,Rapido,prendida
Silla,regresate en reversa,atras,Normal,prendida
Silla,da vuelta pa' la izquierda lento,izquierda,Lento,prendida
Silla,gira pa' la derecha,derecha,Normal,prendida
Silla,hacia la izquierda tranqui,izquierda,Lento,prendida
Silla,tuerce hacia la derecha apurate,derecha,Rapido,prendida
Silla,ve hacia atras normal,atras,Normal,prendida
Silla,rueda hacia adelante mete velocidad,adelante,Rapido,prendida
Silla,manten velocidad normal ahorita,velocidad,Normal,prendida
Silla,sigue en reversa apurate,atras,Rapido,prendida
Silla,ponte en reversa normal,atras,Normal,prendida
Silla,tuerce al lado izquierdo apurate,izquierda,Rapido,prendida
Silla,da vuelta a la derecha mas rapido,derecha,Rapido,prendida
Silla,adelantate rapido,adelante,Rapido,prendida
Silla,continua en reversa con mas velocidad,atras,Rapido,prendida
Silla,rueda para enfrente,adelante,Normal,prendida
Silla,hacia la derecha mete velocidad,derecha,Rapido,prendida
Silla,ve hacia la derecha despacito,derecha,Lento,prendida
Silla,derecho,adelante,Normal,prendida
Silla,al lado izquierdo mas rapido,izquierda,Rapido,prendida
Silla,muevete al lado izquierdo,izquierda,Normal,prendida
Silla,parale en friega,detener,,prendida
Silla,ve derecho,adelante,Normal,prendida
Silla,voltea al lado izquierdo despacio,izquierda,Lento,prendida
Silla,arrancate hacia adelante con cuidado,adelante,Lento,prendida
Silla,para enfrente despacio,adelante,Lento,prendida
Silla,para todo ahora,detener,,prendida
Silla,hazte para atras despacio,atras,Lento,prendida
Silla,da vuelta al lado derecho con calma,derecha,Lento,prendida
Silla,dale pa' atras rapido,atras,Rapido,prendida
Silla,a la izquierda,izquierda,Normal,prendida
Silla,arranca de una,prender,,prendida
Silla,muevete para enfrente con cuidado,adelante,Lento,prendida
Silla,no tan rapido en este momento,velocidad,Lento,prendida
Silla,muevete pa' la izquierda a velocidad normal,izquierda,Normal,prendida
Silla,mas rapido ahorita,velocidad,Rapido,prendida
Silla,dobla al lado derecho,derecha,Normal,prendida
Silla,muevete pa' la izquierda suavecito,izquierda,Lento,prendida
Silla,da vuelta hacia la izquierda rapido,izquierda,Rapido,prendida
Silla,rueda para adelante con cuidado,adelante,Lento,prendida
Silla,rueda derecho mas rapido,adelante,Rapido,prendida
Silla,pa' la izquierda con calma,izquierda,Lento,prendida
Silla,gira hacia la derecha,derecha,Normal,prendida
Silla,desconectate ahora,apagar,,apagada
Silla,rueda hacia adelante con cuidado,adelante,Lento,prendida
Silla,continua al frente con mas velocidad,adelante,Rapido,prendida
Silla,al frente con mas velocidad,adelante,Rapido,prendida
Silla,adelantate apurate,adelante,Rapido,prendida
Silla,hacia la izquierda lento,izquierda,Lento,prendida
Silla,adelantate mete velocidad,adelante,Rapido,prendida
Silla,hazte para atras normal,atras,Normal,prendida
Silla,da vuelta a la derecha normal,derecha,Normal,prendida
Silla,ve pa' la izquierda,izquierda,Normal,prendida
Silla,da vuelta a la izquierda a velocidad normal,izquierda,Normal,prendida
Silla,da vuelta a la derecha mete velocidad,derecha,Rapido,prendida
Silla,tranqui,velocidad,Lento,prendida
Silla,muevete a la izquierda con cuidado,izquierda,Lento,prendida
Silla,llegale derecho con cuidado,adelante,Lento,prendida
Silla,rueda de frente apurate,adelante,Rapido,prendida
Silla,parate en caliente,detener,,prendida
Silla,avanza rapido,adelante,Rapido,prendida
Silla,mas lento,velocidad,Lento,prendida
Silla,llegale para enfrente despacio,adelante,Lento,prendida
Silla,tuerce pa' la derecha despacio,derecha,Lento,prendida
Silla,camina hacia enfrente con mas velocidad,adelante,Rapido,prendida
Silla,con mas velocidad ahora,velocidad,Rapido,prendida
Silla,da vuelta pa' la izquierda con mas velocidad,izquierda,Rapido,prendida
Silla,aumenta la velocidad de inmediato,velocidad,Rapido,prendida
Silla,al lado derecho apurate,derecha,Rapido,prendida
Silla,muevete a la derecha normal,derecha,Normal,prendida
Silla,da marcha atras da marcha atras,atras,Normal,prendida
Silla,echale hacia adelante lento,adelante,Lento,prendida
Silla,adelantate despacito,adelante,Lento,prendida
Silla,dobla a la izquierda despacito,izquierda,Lento,prendida
Silla,echale en reversa con calma,atras,Lento,prendida
Silla,con mas velocidad de una,velocidad,Rapido,prendida
Silla,sigue para atras,atras,Normal,prendida
Silla,ve para la izquierda con cuidado,izquierda,Lento,prendida
Silla,arrancate para adelante normal,adelante,Normal,prendida
Silla,ve al lado izquierdo,izquierda,Normal,prendida
Silla,echale de reversa lento,atras,Lento,prendida
Silla,apaga de una,apagar,,apagada
Silla,dobla al lado izquierdo,izquierda,Normal,prendida
Silla,da vuelta al lado izquierdo con mas velocidad,izquierda,Rapido,prendida
Silla,cortale al tiro,detener,,prendida
Silla,echale derecho con mas velocidad,adelante,Rapido,prendida
Silla,sigue derecho suavecito,adelante,Lento,prendida
Silla,echale de frente mas rapido,adelante,Rapido,prendida
Silla,inicia en corto,prender,,prendida
Silla,da vuelta a la izquierda despacio,izquierda,Lento,prendida
Silla,hacia adelante con mas velocidad,adelante,Rapido,prendida
Silla,dobla hacia la izquierda despacio,izquierda,Lento,prendida
Silla,muevete de frente mas rapido,adelante,Rapido,prendida
Silla,muevete para la derecha mete velocidad,derecha,Rapido,prendida
Silla,para atras con calma,atras,Lento,prendida
Silla,da vuelta a la izquierda con calma,izquierda,Lento,prendida
Silla,rueda para atras,atras,Normal,prendida
Silla,dobla pa' la derecha mete velocidad,derecha,Rapido,prendida
Silla,para todo ahorita,detener,,prendida
Silla,retrocede mete velocidad,atras,Rapido,prendida
Silla,parate ya,detener,,prendida
Silla,rueda derecho rapido,adelante,Rapido,prendida
Silla,avanza con calma,adelante,Lento,prendida
Silla,arrancate para adelante con calma,adelante,Lento,prendida
Silla,haz sonar el claxon ahora,claxon,,prendida
Silla,en reversa apurate,atras,Rapido,prendida
Silla,muevete pa' atras tranqui,atras,Lento,prendida
Silla,cortale de una,detener,,prendida
Silla,prendete de una,prender,,prendida
Silla,pa' la derecha mas rapido,derecha,Rapido,prendida
Silla,aumenta la velocidad en corto,velocidad,Rapido,prendida
Silla,para enfrente suavecito,adelante,Lento,prendida
Silla,gira para la izquierda despacio,izquierda,Lento,prendida
Silla,rueda hacia atras con calma,atras,Lento,prendida
Silla,continua al frente con cuidado,adelante,Lento,prendida
Silla,da vuelta pa' la izquierda con cuidado,izquierda,Lento,prendida
Silla,rueda hacia adelante despacio,adelante,Lento,prendida
Silla,mas rapido en corto,velocidad,Rapido,prendida
Silla,arrancate hacia adelante,adelante,Normal,prendida
Silla,hacia adelante lento,adelante,Lento,prendida
Silla,gira a la derecha a velocidad normal,derecha,Normal,prendida
Silla,cierra ahorita,apagar,,apagada
Silla,voltea hacia la izquierda lento,izquierda,Lento,prendida
Silla,a la izquierda tranqui,izquierda,Lento,prendida
Silla,muevete hacia la derecha mas rapido,derecha,Rapido,prendida
Silla,frena en friega,detener,,prendida
Silla,regresate hacia atras con mas velocidad,atras,Rapido,prendida
Silla,ve hacia la derecha apurate,derecha,Rapido,prendida
Silla,ve para la izquierda a velocidad normal,izquierda,Normal,prendida
Silla,al lado derecho despacio,derecha,Lento,prendida
Silla,continua en reversa normal,atras,Normal,prendida
Silla,arrancate de frente normal,adelante,Normal,prendida
Silla,bajale la velocidad de inmediato,velocidad,Lento,prendida
Silla,sigue hacia adelante rapido,adelante,Rapido,prendida
Silla,para enfrente con calma,adelante,Lento,prendida
Silla,modo normal ya,velocidad,Normal,prendida
Silla,apagate ahora,apagar,,apagada
Silla,stop en corto,detener,,prendida
Silla,parate ahorita,detener,,prendida
Silla,detencion total al tiro,detener,,prendida
Silla,gira pa' la derecha mas rapido,derecha,Rapido,prendida
Silla,muevete para enfrente mas rapido,adelante,Rapido,prendida
Silla,pa' la derecha lento,derecha,Lento,prendida
Silla,suavecito,velocidad,Lento,prendida
Silla,no tan rapido en corto,velocidad,Lento,prendida
Silla,muevete en reversa suavecito,atras,Lento,prendida
Silla,voltea a la izquierda apurate,izquierda,Rapido,prendida
Silla,rueda derecho,adelante,Normal,prendida
Silla,activate en este momento,prender,,prendida
Silla,de frente con cuidado,adelante,Lento,prendida
Silla,en reversa suavecito,atras,Lento,prendida
Silla,adelantate con calma,adelante,Lento,prendida
Silla,derecho con cuidado,adelante,Lento,prendida
Silla,ve derecho con cuidado,adelante,Lento,prendida
Silla,voltea pa' la izquierda mas rapido,izquierda,Rapido,prendida
Silla,voltea a la derecha mete velocidad,derecha,Rapido,prendida
Silla,ve a la izquierda mas rapido,izquierda,Rapido,prendida
Silla,voltea a la derecha tranqui,derecha,Lento,prendida
Silla,llegale al frente apurate,adelante,Rapido,prendida
Silla,mete mas velocidad en friega,velocidad,Rapido,prendida
Silla,tuerce al lado izquierdo mete velocidad,izquierda,Rapido,prendida
Silla,retrocede despacito,atras,Lento,prendida
Silla,hacia la derecha apurate,derecha,Rapido,prendida
Silla,de reversa con cuidado,atras,Lento,prendida
Silla,stop en caliente,detener,,prendida
Silla,pa' la izquierda,izquierda,Normal,prendida
Silla,gira para la derecha,derecha,Normal,prendida
Silla,ponte en reversa mas rapido,atras,Rapido,prendida
Silla,echale hacia adelante con calma,adelante,Lento,prendida
Silla,ve hacia la izquierda,izquierda,Normal,prendida
Silla,ve despacio en este momento,velocidad,Lento,prendida
Silla,ve al lado izquierdo suavecito,izquierda,Lento,prendida
Silla,derecho lento,adelante,Lento,prendida
Silla,llegale hacia atras mete velocidad,atras,Rapido,prendida
Silla,retrocede tranqui,atras,Lento,prendida
Silla,echale de reversa,atras,Normal,prendida
Silla,no tan rapido ya,velocidad,Lento,prendida
Silla,ve de frente con cuidado,adelante,Lento,prendida
Silla,da vuelta al lado izquierdo mete velocidad,izquierda,Rapido,prendida
Silla,muevete al lado izquierdo apurate,izquierda,Rapido,prendida
Silla,continua al frente mas rapido,adelante,Rapido,prendida
Silla,hazte para atras lento,atras,Lento,prendida
Silla,da marcha atras con cuidado,atras,Lento,prendida
Silla,gira a la izquierda con mas velocidad,izquierda,Rapido,prendida
Silla,ve a la izquierda,izquierda,Normal,prendida
Silla,regresate de reversa con calma,atras,Lento,prendida
Silla,dobla pa' la izquierda,izquierda,Normal,prendida
Silla,hacia la izquierda con mas velocidad,izquierda,Rapido,prendida
Silla,hazte para atras a velocidad normal,atras,Normal,prendida
Silla,voltea a la izquierda tranqui,izquierda,Lento,prendida
Silla,arrancate para enfrente,adelante,Normal,prendida
Silla,toca el claxon de inmediato,claxon,,prendida
Silla,muevete pa' la izquierda despacito,izquierda,Lento,prendida
Silla,voltea pa' la derecha normal,derecha,Normal,prendida
Silla,dobla a la izquierda tranqui,izquierda,Lento,prendida
Silla,pita de una,claxon,,prendida
Silla,frena ya,detener,,prendida
Silla,da vuelta a la izquierda mete velocidad,izquierda,Rapido,prendida
Silla,llegale al frente despacito,adelante,Lento,prendida
Silla,hacia atras normal,atras,Normal,prendida
Silla,ve a la izquierda a velocidad normal,izquierda,Normal,prendida
Silla,dale para atras,atras,Normal,prendida
Silla,a velocidad normal ahorita,velocidad,Normal,prendida
Silla,muevete al lado derecho suavecito,derecha,Lento,prendida
Silla,muevete al lado izquierdo mas rapido,izquierda,Rapido,prendida
Silla,dobla para la derecha,derecha,Normal,prendida
Silla,suena el claxon ahora,claxon,,prendida
Silla,rueda hacia adelante normal,adelante,Normal,prendida
Silla,da vuelta hacia la izquierda,izquierda,Normal,prendida
Silla,para la izquierda tranqui,izquierda,Lento,prendida
Silla,adelantate con mas velocidad,adelante,Rapido,prendida
Silla,para la izquierda mas rapido,izquierda,Rapido,prendida
Silla,ve al frente,adelante,Normal,prendida
Silla,dobla hacia la izquierda lento,izquierda,Lento,prendida
Silla,tuerce pa' la derecha a velocidad normal,derecha,Normal,prendida
Silla,enciendete ahorita,prender,,prendida
Silla,manten velocidad normal ya,velocidad,Normal,prendida
Silla,para todo en friega,detener,,prendida
Silla,ve en reversa,atras,Normal,prendida
Silla,regresate hacia atras,atras,Normal,prendida
Silla,dale de frente tranqui,adelante,Lento,prendida
Silla,voltea a la derecha con cuidado,derecha,Lento,prendida
Silla,camina hacia enfrente con calma,adelante,Lento,prendida
Silla,dobla a la derecha mas rapido,derecha,Rapido,prendida
Silla,al frente con cuidado,adelante,Lento,prendida
Silla,echale hacia adelante,adelante,Normal,prendida
Silla,mas rapido ya,velocidad,Rapido,prendida
Silla,al lado izquierdo,izquierda,Normal,prendida
Silla,alto en este momento,detener,,prendida
Silla,voltea a la derecha con mas velocidad,derecha,Rapido,prendida
Silla,arrancate hacia atras,atras,Normal,prendida
Silla,ponte quieta de una,detener,,prendida
Silla,a la izquierda mete velocidad,izquierda,Rapido,prendida
Silla,para adelante apurate,adelante,Rapido,prendida
Silla,adelantate normal,adelante,Normal,prendida
Silla,hacia atras apurate,atras,Rapido,prendida
Silla,echale derecho,adelante,Normal,prendida
Silla,cortale en corto,detener,,prendida
Silla,dobla pa' la derecha,derecha,Normal,prendida
Silla,ponte quieta en friega,detener,,prendida
Silla,aumenta la velocidad ya,velocidad,Rapido,prendida
Silla,rueda para enfrente con calma,adelante,Lento,prendida
Silla,avanza apurate,adelante,Rapido,prendida
Silla,al lado izquierdo mete velocidad,izquierda,Rapido,prendida
Silla,mas rapido,velocidad,Rapido,prendida
Silla,prende ahorita,prender,,prendida
Silla,bajale la velocidad de una,velocidad,Lento,prendida
Silla,acelera de una,velocidad,Rapido,prendida
Silla,voltea hacia la izquierda,izquierda,Normal,prendida
Silla,ve a la derecha rapido,derecha,Rapido,prendida
Silla,para adelante con mas velocidad,adelante,Rapido,prendida
Silla,gira a la derecha,derecha,Normal,prendida
Silla,a la derecha normal,derecha,Normal,prendida
Silla,para la derecha rapido,derecha,Rapido,prendida
Silla,arrancate en reversa a velocidad normal,atras,Normal,prendida
Silla,ve hacia atras mas rapido,atras,Rapido,prendida
Silla,en reversa con mas velocidad,atras,Rapido,prendida
Silla,gira hacia la izquierda con mas velocidad,izquierda,Rapido,prendida
Silla,pa' atras mas rapido,atras,Rapido,prendida
Silla,arrancate para adelante con mas velocidad,adelante,Rapido,prendida
Silla,muevete hacia la derecha despacio,derecha,Lento,prendida
Silla,ve para enfrente con mas velocidad,adelante,Rapido,prendida
Silla,arrancate pa' atras tranqui,atras,Lento,prendida
Silla,quieta de una,detener,,prendida
Silla,ve para enfrente lento,adelante,Lento,prendida
Silla,echale para enfrente a velocidad normal,adelante,Normal,prendida
Silla,voltea a la izquierda,izquierda,Normal,prendida
Silla,gira para la izquierda mete velocidad,izquierda,Rapido,prendida
Silla,para la izquierda normal,izquierda,Normal,prendida
Silla,ve despacio de inmediato,velocidad,Lento,prendida
Silla,parate en corto,detener,,prendida
Silla,voltea a la izquierda con mas velocidad,izquierda,Rapido,prendida
Silla,dobla para la izquierda a velocidad normal,izquierda,Normal,prendida
Silla,ve hacia la derecha normal,derecha,Normal,prendida
Silla,detente en este momento,detener,,prendida
Silla,para atras a velocidad normal,atras,Normal,prendida
Silla,muevete a la derecha,derecha,Normal,prendida
Silla,a la izquierda con mas velocidad,izquierda,Rapido,prendida
Silla,muevete a la derecha con cuidado,derecha,Lento,prendida
Silla,manten velocidad normal en friega,velocidad,Normal,prendida
Silla,voltea hacia la izquierda despacio,izquierda,Lento,prendida
Silla,al frente lento,adelante,Lento,prendida
Silla,avanza lento,adelante,Lento,prendida
Silla,rueda para atras despacio,atras,Lento,prendida
Silla,con calma de inmediato,velocidad,Lento,prendida
Silla,dale para enfrente normal,adelante,Normal,prendida
Silla,pa' la derecha apurate,derecha,Rapido,prendida
Silla,dobla para la derecha normal,derecha,Normal,prendida
Silla,gira a la izquierda a velocidad normal,izquierda,Normal,prendida
Silla,de frente,adelante,Normal,prendida
Silla,arrancate de reversa rapido,atras,Rapido,prendida
Silla,gira a la derecha rapido,derecha,Rapido,prendida
Silla,a la izquierda suavecito,izquierda,Lento,prendida
Silla,hacia adelante mete velocidad,adelante,Rapido,prendida
Silla,tuerce al lado derecho con mas velocidad,derecha,Rapido,prendida
Silla,hacia la derecha lento,derecha,Lento,prendida
Silla,continua para enfrente,adelante,Normal,prendida
Silla,para adelante suavecito,adelante,Lento,prendida
Silla,prende de inmediato,prender,,prendida
Silla,rueda de reversa mete velocidad,atras,Rapido,prendida
Silla,llegale de reversa mas rapido,atras,Rapido,prendida
Silla,dobla a la izquierda suavecito,izquierda,Lento,prendida
Silla,llegale al frente,adelante,Normal,prendida
Silla,gira hacia la derecha con mas velocidad,derecha,Rapido,prendida
Silla,muevete para enfrente mete velocidad,adelante,Rapido,prendida
Silla,desactivate ahora,apagar,,apagada
Silla,para atras mas rapido,atras,Rapido,prendida
Silla,rueda hacia adelante mas rapido,adelante,Rapido,prendida
Silla,de reversa apurate,atras,Rapido,prendida
Silla,ve al lado izquierdo apurate,izquierda,Rapido,prendida
Silla,tuerce para la izquierda a velocidad normal,izquierda,Normal,prendida
Silla,voltea al lado derecho tranqui,derecha,Lento,prendida
Silla,da vuelta al lado izquierdo,izquierda,Normal,prendida
Silla,tuerce a la izquierda suavecito,izquierda,Lento,prendida
Silla,dale al frente con mas velocidad,adelante,Rapido,prendida
Silla,continua hacia adelante apurate,adelante,Rapido,prendida
Silla,al lado izquierdo suavecito,izquierda,Lento,prendida
Silla,muevete de frente apurate,adelante,Rapido,prendida
Silla,voltea a la derecha suavecito,derecha,Lento,prendida
Silla,apaga de inmediato,apagar,,apagada
Silla,voltea pa' la derecha,derecha,Normal,prendida
Silla,continua en reversa,atras,Normal,prendida
Silla,al lado derecho mas rapido,derecha,Rapido,prendida
Silla,quieta,detener,,prendida
Silla,gira a la derecha apurate,derecha,Rapido,prendida
Silla,dale para enfrente suavecito,adelante,Lento,prendida
Silla,arrancate para atras normal,atras,Normal,prendida
Silla,al lado derecho con calma,derecha,Lento,prendida
Silla,muevete al lado derecho mete velocidad,derecha,Rapido,prendida
Silla,dobla a la izquierda despacio,izquierda,Lento,prendida
Silla,al frente mete velocidad,adelante,Rapido,prendida
Silla,a la derecha apurate,derecha,Rapido,prendida
Silla,voltea para la derecha lento,derecha,Lento,prendida
Silla,da vuelta para la derecha suavecito,derecha,Lento,prendida
Silla,dobla a la derecha apurate,derecha,Rapido,prendida
Silla,dobla al lado derecho con calma,derecha,Lento,prendida
Silla,continua al frente a velocidad normal,adelante,Normal,prendida
Silla,arrancate derecho con calma,adelante,Lento,prendida
Silla,ve hacia la derecha mete velocidad,derecha,Rapido,prendida
Silla,da marcha atras mete velocidad,atras,Rapido,prendida
Silla,enciendete de una,prender,,prendida
Silla,continua de frente,adelante,Normal,prendida
Silla,activate de una,prender,,prendida
Silla,en reversa mete velocidad,atras,Rapido,prendida
Silla,da vuelta pa' la izquierda normal,izquierda,Normal,prendida
Silla,dobla a la derecha normal,derecha,Normal,prendida
Silla,ve para adelante,adelante,Normal,prendida
Silla,alto ahorita,detener,,prendida
Silla,pa' la izquierda despacito,izquierda,Lento,prendida
Silla,enciende en corto,prender,,prendida
Silla,rueda de reversa a velocidad normal,atras,Normal,prendida
Silla,para de inmediato,detener,,prendida
Silla,modo normal,velocidad,Normal,prendida
Silla,a la izquierda despacito,izquierda,Lento,prendida
Silla,dobla al lado izquierdo apurate,izquierda,Rapido,prendida
Silla,gira al lado derecho mas rapido,derecha,Rapido,prendida
Silla,muevete para la izquierda a velocidad normal,izquierda,Normal,prendida
Silla,regresate en reversa apurate,atras,Rapido,prendida
Silla,dobla pa' la izquierda con mas velocidad,izquierda,Rapido,prendida
Silla,quieta de inmediato,detener,,prendida
Silla,regresate,atras,Normal,prendida
Silla,regresate lento,atras,Lento,prendida
Silla,regresate con calma,atras,Lento,prendida
Silla,rueda hacia atras mete velocidad,atras,Rapido,prendida
Silla,hacia la derecha suavecito,derecha,Lento,prendida
Silla,muevete para enfrente normal,adelante,Normal,prendida
Silla,continua pa' atras,atras,Normal,prendida
Silla,toca el claxon de una,claxon,,prendida
Silla,dobla a la derecha con mas velocidad,derecha,Rapido,prendida
Silla,da vuelta a la izquierda mas rapido,izquierda,Rapido,prendida
Silla,da marcha atras despacio,atras,Lento,prendida
Silla,hacia la izquierda apurate,izquierda,Rapido,prendida
Silla,derecho apurate,adelante,Rapido,prendida
Silla,en reversa tranqui,atras,Lento,prendida
Silla,da vuelta para la izquierda con cuidado,izquierda,Lento,prendida
Silla,claxon ahora,claxon,,prendida
Silla,regresate tranqui,atras,Lento,prendida
Silla,regresate con mas velocidad,atras,Rapido,prendida
Silla,pa' la derecha con mas velocidad,derecha,Rapido,prendida
Silla,muevete hacia adelante,adelante,Normal,prendida
Silla,sigue derecho lento,adelante,Lento,prendida
Silla,da vuelta pa' la izquierda,izquierda,Normal,prendida
Silla,detente de inmediato,detener,,prendida
Silla,muevete en reversa apurate,atras,Rapido,prendida
Silla,desconectate en corto,apagar,,apagada
Silla,derecho con calma,adelante,Lento,prendida
Silla,de reversa despacio,atras,Lento,prendida
Silla,mas lento en friega,velocidad,Lento,prendida
Silla,dobla a la derecha rapido,derecha,Rapido,prendida
Silla,muevete hacia la derecha mete velocidad,derecha,Rapido,prendida
Silla,stop ahorita,detener,,prendida
Silla,muevete pa' la derecha rapido,derecha,Rapido,prendida
Silla,sigue derecho despacio,adelante,Lento,prendida
Silla,continua al frente suavecito,adelante,Lento,prendida
Silla,muevete pa' atras mete velocidad,atras,Rapido,prendida
Silla,al frente despacio,adelante,Lento,prendida
Silla,ve a la izquierda con calma,izquierda,Lento,prendida
Silla,claxon en friega,claxon,,prendida
Silla,velocidad normal en este momento,velocidad,Normal,prendida
Silla,da vuelta pa' la izquierda suavecito,izquierda,Lento,prendida
Silla,llegale de frente tranqui,adelante,Lento,prendida
Silla,a la izquierda rapido,izquierda,Rapido,prendida
Silla,quedate quieta en caliente,detener,,prendida
Silla,echale para adelante,adelante,Normal,prendida
Silla,para la izquierda lento,izquierda,Lento,prendida
Silla,al lado izquierdo despacito,izquierda,Lento,prendida
Silla,da vuelta al lado derecho con cuidado,derecha,Lento,prendida
Silla,gira para la derecha mete velocidad,derecha,Rapido,prendida
Silla,muevete pa' la izquierda,izquierda,Normal,prendida
Silla,dobla para la izquierda lento,izquierda,Lento,prendida
Silla,gira para la derecha apurate,derecha,Rapido,prendida
Silla,sigue de reversa mete velocidad,atras,Rapido,prendida
Silla,hacia la derecha normal,derecha,Normal,prendida
Silla,con calma de una,velocidad,Lento,prendida
Silla,prende ahora,prender,,prendida
Silla,rueda en reversa normal,atras,Normal,prendida
Silla,pita de inmediato,claxon,,prendida
Silla,pa' atras despacio,atras,Lento,prendida
Silla,ve para la izquierda apurate,izquierda,Rapido,prendida
Silla,para adelante con calma,adelante,Lento,prendida
Silla,para la derecha,derecha,Normal,prendida
Silla,tuerce hacia la derecha con mas velocidad,derecha,Rapido,prendida
Silla,ponte quieta ahorita,detener,,prendida
Silla,gira al lado derecho con calma,derecha,Lento,prendida
Silla,da marcha atras,atras,Normal,prendida
Silla,a la izquierda lento,izquierda,Lento,prendida
Silla,de reversa mete velocidad,atras,Rapido,prendida
Silla,sigue hacia atras apurate,atras,Rapido,prendida
Silla,gira al lado izquierdo apurate,izquierda,Rapido,prendida
Silla,llegale para adelante,adelante,Normal,prendida
Silla,ve hacia la derecha,derecha,Normal,prendida
Silla,de reversa a velocidad normal,atras,Normal,prendida
Silla,echale para enfrente apurate,adelante,Rapido,prendida
Silla,voltea a la izquierda despacito,izquierda,Lento,prendida
Silla,ve en reversa normal,atras,Normal,prendida
Silla,voltea a la izquierda mete velocidad,izquierda,Rapido,prendida
Silla,enciende en este momento,prender,,prendida
Silla,dobla a la izquierda con cuidado,izquierda,Lento,prendida
Silla,detente en corto,detener,,prendida
Silla,parate ya ahorita,detener,,prendida
Silla,dale de reversa despacito,atras,Lento,prendida
Silla,detencion en corto,detener,,prendida
Silla,a la izquierda con cuidado,izquierda,Lento,prendida
Silla,ve derecho mas rapido,adelante,Rapido,prendida
Silla,ve pa' la izquierda rapido,izquierda,Rapido,prendida
Silla,para atras con cuidado,atras,Lento,prendida
Silla,muevete para adelante,adelante,Normal,prendida
Silla,echale al frente,adelante,Normal,prendida
Silla,retrocede despacio,atras,Lento,prendida
Silla,al frente mas rapido,adelante,Rapido,prendida
Silla,echale al frente mas rapido,adelante,Rapido,prendida
Silla,ve para la izquierda,izquierda,Normal,prendida
Silla,rueda para atras lento,atras,Lento,prendida
Silla,llegale al frente tranqui,adelante,Lento,prendida
Silla,rueda de reversa despacio,atras,Lento,prendida
Silla,haz alto al tiro,detener,,prendida
Silla,stop en friega,detener,,prendida
Silla,rueda de reversa suavecito,atras,Lento,prendida
Silla,a la derecha despacio,derecha,Lento,prendida
Silla,quedate en corto,detener,,prendida
Silla,echale al frente mete velocidad,adelante,Rapido,prendida
Silla,muevete hacia la izquierda suavecito,izquierda,Lento,prendida
Silla,pa' la derecha con cuidado,derecha,Lento,prendida
Silla,regresate rapido,atras,Rapido,prendida
Silla,llegale para enfrente rapido,adelante,Rapido,prendida
Silla,hacia adelante con cuidado,adelante,Lento,prendida
Silla,frena al tiro,detener,,prendida
Silla,ve para enfrente,adelante,Normal,prendida
Silla,sigue para enfrente a velocidad normal,adelante,Normal,prendida
Silla,dale para enfrente con mas velocidad,adelante,Rapido,prendida
Silla,gira a la derecha normal,derecha,Normal,prendida
Silla,voltea al lado izquierdo con mas velocidad,izquierda,Rapido,prendida
Silla,ponte en reversa con mas velocidad,atras,Rapido,prendida
Silla,para la derecha despacio,derecha,Lento,prendida
Silla,mete mas velocidad en corto,velocidad,Rapido,prendida
Silla,bajale la velocidad,velocidad,Lento,prendida
Silla,llegale para enfrente con calma,adelante,Lento,prendida
Silla,da vuelta para la izquierda mas rapido,izquierda,Rapido,prendida
Silla,desactivate en corto,apagar,,apagada
Silla,rueda hacia adelante apurate,adelante,Rapido,prendida
Silla,da marcha atras apurate,atras,Rapido,prendida
Silla,rapido,velocidad,Rapido,prendida
Silla,detencion total ahora,detener,,prendida
Silla,da vuelta a la derecha despacio,derecha,Lento,prendida
Silla,de frente despacito,adelante,Lento,prendida
Silla,regresate pa' atras tranqui,atras,Lento,prendida
Silla,al lado derecho con mas velocidad,derecha,Rapido,prendida
Silla,regresate para atras rapido,atras,Rapido,prendida
Silla,dobla hacia la derecha apurate,derecha,Rapido,prendida
Silla,camina hacia enfrente tranqui,adelante,Lento,prendida
Silla,subele la velocidad en friega,velocidad,Rapido,prendida
Silla,gira a la izquierda tranqui,izquierda,Lento,prendida
Silla,reduce la velocidad ahora,velocidad,Lento,prendida
Silla,quedate quieta en este momento,detener,,prendida
Silla,ve de reversa despacio,atras,Lento,prendida
Silla,gira a la derecha con cuidado,derecha,Lento,prendida
Silla,corta ya de inmediato,detener,,prendida
Silla,llegale de frente con mas velocidad,adelante,Rapido,prendida
Silla,a la derecha tranqui,derecha,Lento,prendida
Silla,normal ya,velocidad,Normal,prendida
Silla,dale para atras despacito,atras,Lento,prendida
Silla,sigue para atras despacio,atras,Lento,prendida
Silla,mete mas velocidad ahora,velocidad,Rapido,prendida
Silla,activate,prender,,prendida
Silla,dobla pa' la derecha rapido,derecha,Rapido,prendida
Silla,rueda hacia atras con mas velocidad,atras,Rapido,prendida
Silla,quieta en este momento,detener,,prendida
Silla,muevete hacia atras apurate,atras,Rapido,prendida
Silla,mete mas velocidad ya,velocidad,Rapido,prendida
Silla,rueda de reversa rapido,atras,Rapido,prendida
Silla,tuerce a la derecha,derecha,Normal,prendida
Silla,camina hacia enfrente normal,adelante,Normal,prendida
Silla,continua derecho tranqui,adelante,Lento,prendida
Silla,muevete hacia atras normal,atras,Normal,prendida
Silla,sigue hacia atras normal,atras,Normal,prendida
Silla,muevete hacia la izquierda despacio,izquierda,Lento,prendida
Silla,tuerce a la derecha rapido,derecha,Rapido,prendida
Silla,sigue derecho con mas velocidad,adelante,Rapido,prendida
Silla,rueda rueda hacia atras,atras,Normal,prendida
Silla,tuerce para la izquierda con cuidado,izquierda,Lento,prendida
Silla,arranca ahorita,prender,,prendida
Silla,pa' la izquierda normal,izquierda,Normal,prendida
Silla,mas lento en este momento,velocidad,Lento,prendida
Silla,para atras despacio,atras,Lento,prendida
Silla,da vuelta al lado izquierdo lento,izquierda,Lento,prendida
Silla,ve para atras lento,atras,Lento,prendida
Silla,da marcha atras con mas velocidad,atras,Rapido,prendida
Silla,apaga ya,apagar,,apagada
Silla,ve hacia la derecha con calma,derecha,Lento,prendida
Silla,sigue derecho,adelante,Normal,prendida
Silla,normal ahorita,velocidad,Normal,prendida
Silla,normal en friega,velocidad,Normal,prendida
Silla,hacia atras con cuidado,atras,Lento,prendida
Silla,llegale hacia atras,atras,Normal,prendida
Silla,avanza mete velocidad,adelante,Rapido,prendida
Silla,muevete al lado derecho,derecha,Normal,prendida
Silla,sigue derecho tranqui,adelante,Lento,prendida
Silla,muevete pa' atras,atras,Normal,prendida
Silla,hazte para atras con cuidado,atras,Lento,prendida
Silla,da vuelta a la derecha lento,derecha,Lento,prendida
Silla,da vuelta para la derecha mas rapido,derecha,Rapido,prendida
Silla,dobla para la izquierda,izquierda,Normal,prendida
Silla,tuerce para la izquierda despacito,izquierda,Lento,prendida
Silla,subele la velocidad en este momento,velocidad,Rapido,prendida
Silla,muevete de reversa,atras,Normal,prendida
Silla,tuerce pa' la derecha con cuidado,derecha,Lento,prendida
Silla,echale de frente con cuidado,adelante,Lento,prendida
Silla,subele la velocidad de una,velocidad,Rapido,prendida
Silla,voltea al lado izquierdo mete velocidad,izquierda,Rapido,prendida
Silla,para la derecha suavecito,derecha,Lento,prendida
Silla,da vuelta para la izquierda tranqui,izquierda,Lento,prendida
Silla,muevete pa' la derecha,derecha,Normal,prendida
Silla,dale para adelante,adelante,Normal,prendida
Silla,muevete para adelante rapido,adelante,Rapido,prendida
Silla,hazte para atras mete velocidad,atras,Rapido,prendida
Silla,llegale de frente,adelante,Normal,prendida
Silla,claxon ya,claxon,,prendida
Silla,muevete para la derecha rapido,derecha,Rapido,prendida
Silla,quedate quieta al tiro,detener,,prendida
Silla,sigue en reversa lento,atras,Lento,prendida
Silla,continua para enfrente con mas velocidad,adelante,Rapido,prendida
Silla,arrancate para atras con mas velocidad,atras,Rapido,prendida
Silla,enciendete en corto,prender,,prendida
Silla,para enfrente despacito,adelante,Lento,prendida
Silla,para atras mete velocidad,atras,Rapido,prendida
Silla,para ahora,detener,,prendida
Silla,stop en este momento,detener,,prendida
Silla,reduce la velocidad en friega,velocidad,Lento,prendida
Silla,de frente normal,adelante,Normal,prendida
Silla,dale para atras lento,atras,Lento,prendida
Silla,continua de reversa,atras,Normal,prendida
Silla,mete mas velocidad de una,velocidad,Rapido,prendida
Silla,voltea hacia la derecha,derecha,Normal,prendida
Silla,para enfrente con mas velocidad,adelante,Rapido,prendida
Silla,frena de una,detener,,prendida
Silla,con calma ahora,velocidad,Lento,prendida
Silla,hacia la derecha con mas velocidad,derecha,Rapido,prendida
Silla,quedate quieta ya,detener,,prendida
Silla,da marcha atras despacito,atras,Lento,prendida
Silla,da vuelta a la izquierda normal,izquierda,Normal,prendida
Silla,ve a la izquierda apurate,izquierda,Rapido,prendida
Silla,gira al lado derecho,derecha,Normal,prendida
Silla,de reversa despacito,atras,Lento,prendida
Silla,da vuelta hacia la derecha tranqui,derecha,Lento,prendida
Silla,gira para la derecha con mas velocidad,derecha,Rapido,prendida
Silla,da vuelta a la izquierda apurate,izquierda,Rapido,prendida
Silla,pa' la derecha,derecha,Normal,prendida
Silla,dobla a la izquierda mas rapido,izquierda,Rapido,prendida
Silla,a la derecha mete velocidad,derecha,Rapido,prendida
Silla,continua al frente mete velocidad,adelante,Rapido,prendida
Silla,voltea a la izquierda con cuidado,izquierda,Lento,prendida
Silla,muevete hacia adelante despacio,adelante,Lento,prendida
Silla,arrancate pa' atras despacio,atras,Lento,prendida
Silla,bajale la velocidad ahorita,velocidad,Lento,prendida
Silla,gira al lado derecho mete velocidad,derecha,Rapido,prendida
Silla,voltea pa' la izquierda,izquierda,Normal,prendida
Silla,camina hacia enfrente mete velocidad,adelante,Rapido,prendida
Silla,gira para la derecha a velocidad normal,derecha,Normal,prendida
Silla,haz sonar el claxon en corto,claxon,,prendida
Silla,tuerce para la derecha,derecha,Normal,prendida
Silla,parale en este momento,detener,,prendida
Silla,parate ya de una,detener,,prendida
Silla,continua pa' atras tranqui,atras,Lento,prendida
Silla,pa' la izquierda con mas velocidad,izquierda,Rapido,prendida
Silla,pa' la derecha normal,derecha,Normal,prendida
Silla,regresate con cuidado,atras,Lento,prendida
Silla,pa' la derecha rapido,derecha,Rapido,prendida
Silla,muevete hacia la izquierda a velocidad normal,izquierda,Normal,prendida
Silla,llegale al frente con mas velocidad,adelante,Rapido,prendida
Silla,gira a la izquierda con cuidado,izquierda,Lento,prendida
Silla,echale hacia atras con cuidado,atras,Lento,prendida
Silla,tuerce para la izquierda normal,izquierda,Normal,prendida
Silla,muevete para atras normal,atras,Normal,prendida
Silla,muevete pa' la izquierda mas rapido,izquierda,Rapido,prendida
Silla,continua derecho mas rapido,adelante,Rapido,prendida
Silla,continua para atras apurate,atras,Rapido,prendida
Silla,muevete en reversa lento,atras,Lento,prendida
Silla,parale al tiro,detener,,prendida
Silla,gira a la izquierda despacito,izquierda,Lento,prendida
Silla,muevete para la izquierda,izquierda,Normal,prendida
Silla,muevete pa' la derecha normal,derecha,Normal,prendida
Silla,muevete para enfrente rapido,adelante,Rapido,prendida
Silla,gira a la derecha mas rapido,derecha,Rapido,prendida
Silla,ve despacio en corto,velocidad,Lento,prendida
Silla,pita ahorita,claxon,,prendida
Silla,apaga en este momento,apagar,,apagada
Silla,da vuelta al lado derecho mete velocidad,derecha,Rapido,prendida
Silla,ve al frente lento,adelante,Lento,prendida
Silla,da vuelta para la izquierda a velocidad normal,izquierda,Normal,prendida
Silla,gira pa' la izquierda con cuidado,izquierda,Lento,prendida
Silla,hacia atras con mas velocidad,atras,Rapido,prendida
Silla,echale para atras con calma,atras,Lento,prendida
Silla,sigue derecho despacito,adelante,Lento,prendida
Silla,ve para la izquierda con mas velocidad,izquierda,Rapido,prendida
Silla,detencion ya,detener,,prendida
Silla,ponte quieta al tiro,detener,,prendida
Silla,haz sonar el claxon ahorita,claxon,,prendida
Silla,tuerce al lado derecho con calma,derecha,Lento,prendida
Silla,ponte en reversa a velocidad normal,atras,Normal,prendida
Silla,sigue al frente,adelante,Normal,prendida
Silla,da vuelta para la derecha con mas velocidad,derecha,Rapido,prendida
Silla,para atras normal,atras,Normal,prendida
Silla,dobla para la izquierda con calma,izquierda,Lento,prendida
Silla,da vuelta a la derecha con mas velocidad,derecha,Rapido,prendida
Silla,sigue de reversa,atras,Normal,prendida
Silla,ve para la izquierda lento,izquierda,Lento,prendida
Silla,dobla a la derecha mete velocidad,derecha,Rapido,prendida
Silla,parate ya en este momento,detener,,prendida
Silla,toca el claxon en friega,claxon,,prendida
Silla,dobla pa' la derecha despacito,derecha,Lento,prendida
Silla,retrocede con mas velocidad,atras,Rapido,prendida
Silla,quedate quieta ahora,detener,,prendida
Silla,dobla hacia la derecha,derecha,Normal,prendida
Silla,muevete hacia la izquierda,izquierda,Normal,prendida
Silla,ve hacia la izquierda con calma,izquierda,Lento,prendida
Silla,muevete al lado derecho con calma,derecha,Lento,prendida
Silla,llegale de reversa lento,atras,Lento,prendida
Silla,muevete hacia la izquierda con cuidado,izquierda,Lento,prendida
Silla,a velocidad normal ya,velocidad,Normal,prendida
Silla,continua de frente con calma,adelante,Lento,prendida
Silla,claxon en corto,claxon,,prendida
Silla,parate en friega,detener,,prendida
Silla,voltea pa' la derecha lento,derecha,Lento,prendida
Silla,muevete para enfrente,adelante,Normal,prendida
Silla,avanza con cuidado,adelante,Lento,prendida
Silla,para la izquierda con mas velocidad,izquierda,Rapido,prendida
Silla,hacia atras con calma,atras,Lento,prendida
Silla,voltea al lado izquierdo rapido,izquierda,Rapido,prendida
Silla,parate ya en caliente,detener,,prendida
Silla,desconectate de inmediato,apagar,,apagada
Silla,da vuelta pa' la derecha,derecha,Normal,prendida
Silla,prendete ahora,prender,,prendida
Silla,llegale pa' atras,atras,Normal,prendida
Silla,muevete al lado izquierdo tranqui,izquierda,Lento,prendida
Silla,al lado izquierdo con mas velocidad,izquierda,Rapido,prendida
Silla,rueda para enfrente despacio,adelante,Lento,prendida
Silla,arrancate pa' atras despacito,atras,Lento,prendida
Silla,llegale de reversa,atras,Normal,prendida
Silla,rueda de frente rapido,adelante,Rapido,prendida
Silla,regresate mete velocidad,atras,Rapido,prendida
Silla,para enfrente,adelante,Normal,prendida
Silla,da vuelta a la derecha despacito,derecha,Lento,prendida
Silla,gira hacia la izquierda a velocidad normal,izquierda,Normal,prendida
Silla,hacia la derecha con cuidado,derecha,Lento,prendida
Silla,frena en corto,detener,,prendida
Silla,detente ahora,detener,,prendida
Silla,hazte para atras con calma,atras,Lento,prendida
Silla,tuerce al lado derecho,derecha,Normal,prendida
Silla,voltea hacia la derecha rapido,derecha,Rapido,prendida
Silla,tuerce hacia la derecha tranqui,derecha,Lento,prendida
Silla,quedate quieta en corto,detener,,prendida
Silla,en reversa a velocidad normal,atras,Normal,prendida
Silla,prendete ahorita,prender,,prendida
Silla,ve hacia adelante,adelante,Normal,prendida
Silla,quedate ahora,detener,,prendida
Silla,derecho tranqui,adelante,Lento,prendida
Silla,continua derecho,adelante,Normal,prendida
Silla,alto ahora,detener,,prendida
Silla,sigue al frente suavecito,adelante,Lento,prendida
Silla,dale de frente,adelante,Normal,prendida
Silla,voltea a la derecha con calma,derecha,Lento,prendida
Silla,toca el claxon ya,claxon,,prendida
Silla,ponte quieta,detener,,prendida
Silla,avanza,adelante,Normal,prendida
Silla,haz alto de una,detener,,prendida
Silla,haz sonar el claxon ya,claxon,,prendida
Silla,continua para adelante con mas velocidad,adelante,Rapido,prendida
Silla,al lado derecho suavecito,derecha,Lento,prendida
Silla,para adelante mas rapido,adelante,Rapido,prendida
Silla,retrocede con cuidado,atras,Lento,prendida
Silla,arrancate de reversa con mas velocidad,atras,Rapido,prendida
Silla,tuerce a la izquierda apurate,izquierda,Rapido,prendida
Silla,echale al frente tranqui,adelante,Lento,prendida
Silla,arrancate para enfrente normal,adelante,Normal,prendida
Silla,ve a la izquierda con mas velocidad,izquierda,Rapido,prendida
Silla,dobla a la izquierda mete velocidad,izquierda,Rapido,prendida
Silla,sigue en reversa suavecito,atras,Lento,prendida
Silla,derecho despacito,adelante,Lento,prendida
Silla,con mas velocidad en corto,velocidad,Rapido,prendida
Silla,hacia la izquierda rapido,izquierda,Rapido,prendida
Silla,ponte en reversa rapido,atras,Rapido,prendida
Silla,ve de reversa apurate,atras,Rapido,prendida
Silla,suena el claxon en friega,claxon,,prendida
Silla,de reversa suavecito,atras,Lento,prendida
Silla,avanza mas rapido,adelante,Rapido,prendida
Silla,de reversa con calma,atras,Lento,prendida
Silla,gira pa' la derecha despacito,derecha,Lento,prendida
Silla,muevete de reversa mete velocidad,atras,Rapido,prendida
Silla,dale en reversa a velocidad normal,atras,Normal,prendida
Silla,echale pa' atras despacito,atras,Lento,prendida
Silla,hacia adelante despacio,adelante,Lento,prendida
Silla,gira para la derecha suavecito,derecha,Lento,prendida
Silla,da vuelta a la derecha a velocidad normal,derecha,Normal,prendida
Silla,apagate en friega,apagar,,apagada
Silla,con mas velocidad ya,velocidad,Rapido,prendida
Silla,continua para atras con cuidado,atras,Lento,prendida
Silla,ve para la derecha con mas velocidad,derecha,Rapido,prendida
Silla,regresate para atras,atras,Normal,prendida
Silla,dobla pa' la izquierda normal,izquierda,Normal,prendida
Silla,llegale hacia adelante con mas velocidad,adelante,Rapido,prendida
Silla,para adelante mete velocidad,adelante,Rapido,prendida
Silla,gira para la izquierda a velocidad normal,izquierda,Normal,prendida
Silla,dobla a la derecha suavecito,derecha,Lento,prendida
Silla,da vuelta a la izquierda suavecito,izquierda,Lento,prendida
Silla,voltea para la izquierda despacio,izquierda,Lento,prendida
Silla,continua para atras mas rapido,atras,Rapido,prendida
Silla,gira para la izquierda mas rapido,izquierda,Rapido,prendida
Silla,quedate de inmediato,detener,,prendida
Silla,reduce la velocidad en este momento,velocidad,Lento,prendida
Silla,gira pa' la izquierda con mas velocidad,izquierda,Rapido,prendida
Silla,da vuelta hacia la derecha con mas velocidad,derecha,Rapido,prendida
Silla,detencion total ya,detener,,prendida
Silla,muevete para enfrente tranqui,adelante,Lento,prendida
Silla,desactivate de una,apagar,,apagada
Silla,al lado izquierdo con cuidado,izquierda,Lento,prendida
Silla,haz alto en caliente,detener,,prendida
Silla,a la derecha mas rapido,derecha,Rapido,prendida
Silla,al lado derecho normal,derecha,Normal,prendida
Silla,rueda hacia adelante con mas velocidad,adelante,Rapido,prendida
Silla,derecho rapido,adelante,Rapido,prendida
Silla,mas lento de una,velocidad,Lento,prendida
Silla,alto total,detener,,prendida
Silla,para la izquierda,izquierda,Normal,prendida
Silla,gira a la izquierda suavecito,izquierda,Lento,prendida
Silla,da vuelta hacia la izquierda con cuidado,izquierda,Lento,prendida
Silla,da vuelta a la izquierda,izquierda,Normal,prendida
Silla,arrancate hacia adelante mete velocidad,adelante,Rapido,prendida
Silla,no tan rapido en friega,velocidad,Lento,prendida
Silla,sigue en reversa,atras,Normal,prendida
Silla,avanza despacito,adelante,Lento,prendida
Silla,sigue de frente mas rapido,adelante,Rapido,prendida
Silla,da vuelta hacia la izquierda con mas velocidad,izquierda,Rapido,prendida
Silla,parate ya ahora,detener,,prendida
Silla,reduce la velocidad ya,velocidad,Lento,prendida
Silla,gira pa' la izquierda,izquierda,Normal,prendida
Silla,hacia atras tranqui,atras,Lento,prendida
Silla,para la derecha tranqui,derecha,Lento,prendida
Silla,dobla a la derecha con calma,derecha,Lento,prendida
Silla,para atras con mas velocidad,atras,Rapido,prendida
Silla,adelantate,adelante,Normal,prendida
Silla,voltea hacia la izquierda con mas velocidad,izquierda,Rapido,prendida
Silla,dale hacia atras lento,atras,Lento,prendida
Silla,sigue hacia atras,atras,Normal,prendida
Silla,tuerce pa' la derecha con mas velocidad,derecha,Rapido,prendida
Silla,da marcha atras a velocidad normal,atras,Normal,prendida
Silla,arranca en corto,prender,,prendida
Silla,sigue en reversa a velocidad normal,atras,Normal,prendida
Silla,gira a la izquierda mas rapido,izquierda,Rapido,prendida
Silla,continua al frente,adelante,Normal,prendida
Silla,muevete hacia la derecha despacito,derecha,Lento,prendida
Silla,continua en reversa suavecito,atras,Lento,prendida
Silla,quieta en corto,detener,,prendida
Silla,gira hacia la izquierda mete velocidad,izquierda,Rapido,prendida
Silla,para adelante,adelante,Normal,prendida
Silla,dobla para la derecha rapido,derecha,Rapido,prendida
Silla,arrancate al frente rapido,adelante,Rapido,prendida
